,,,
Cain,ante@fringillaporttitorvulputate.org,84728,22625
Brenden,nonummy@Phasellusdapibusquam.edu,1765,6893
Slade,neque.Morbi@erat.org,90431,91755
Alvin,dolor@Aliquam.co.uk,49614,56298
Tyler,facilisis.non.bibendum@aodiosemper.com,93430,69826
Lance,adipiscing.elit@interdumSed.ca,73822,98793
Kieran,auctor@apurusDuis.ca,46548,59435
Alec,lorem@ametluctusvulputate.edu,28772,14996
Chester,vitae@mieleifend.edu,97056,75504
Jerome,Fusce.feugiat@primisin.edu,42379,31290
Caldwell,et.ultrices@acarcu.co.uk,81351,95166
Kieran,mi@amet.net,79373,57871
Josiah,pellentesque.Sed.dictum@Curabitursed.ca,61046,12328
Bradley,leo.in.lobortis@adipiscingfringilla.com,53164,62634
Jared,augue.eu.tempor@enim.net,42868,6786
Kieran,mollis@odioAliquamvulputate.net,40242,46368
Richard,lacus.Quisque.imperdiet@fringillaeuismodenim.net,35239,82028
Kermit,ipsum.Phasellus@lacusNullatincidunt.com,53576,13685
Dane,ante@idnunc.net,48055,23302
Elmo,Morbi.metus@sollicitudinadipiscing.ca,9382,57502
Dylan,pede.nonummy@ullamcorper.edu,51227,26208
Ishmael,justo.Proin.non@QuisquevariusNam.org,55858,46816
Omar,ultrices.mauris.ipsum@Maurismagna.edu,99170,23559
Quinn,Mauris@sit.com,27169,45732
Henry,Proin.velit@augueacipsum.ca,77070,91751
Josiah,laoreet.posuere@arcuVestibulumut.org,6117,85101
Sean,lobortis@semegetmassa.co.uk,98817,90459
Wang,et@dignissim.edu,69941,8547
Phillip,adipiscing.non.luctus@maurissapien.com,8318,85244
James,tristique.pharetra.Quisque@anteNuncmauris.net,91045,50669
Cadman,ullamcorper@Vestibulumuteros.edu,96927,23674
Herman,arcu.Sed@aliquetPhasellus.net,5241,87763
Tyrone,quam@quam.ca,86745,79832
Lee,dui.quis@NullamenimSed.co.uk,41879,23530
Vaughan,aliquet.nec@felisorciadipiscing.net,25887,75966
Nicholas,mauris.sit@felispurusac.com,95866,55439
Salvador,eu@mi.co.uk,6890,11860
Barry,tristique.senectus.et@ametante.net,22768,31292
Hayden,dui.augue@atsem.ca,85753,57427
Vernon,non.sollicitudin@vitaerisusDuis.co.uk,94074,1956
Oleg,quis.massa@tempuseu.edu,74845,92145
Ezekiel,neque@velest.co.uk,83298,96314
Ali,Proin.velit@ornarelectus.com,85255,17053
Stephen,Aliquam.adipiscing@eu.co.uk,91841,21643
Clayton,tempor.diam@etpede.co.uk,69997,88928
Amos,purus.sapien.gravida@eunullaat.org,765,72708
Burke,ante.iaculis.nec@auctorodio.com,39827,30204
Kenneth,amet.massa.Quisque@tortor.org,2276,94947
Jordan,ac.libero@commodo.org,19349,38818
Dante,nec.luctus@Morbivehicula.net,13753,59316
Blaze,mus.Aenean.eget@Praesent.net,41185,92992
Alvin,vehicula.et@necquamCurabitur.ca,69566,29234
Grady,nec.tempus.scelerisque@sem.net,74142,28470
Camden,nibh.lacinia.orci@tellus.com,60507,97176
Paki,ultricies@Fusce.ca,46423,81794
Connor,cursus@mipede.com,32151,94159
Jermaine,faucibus.orci.luctus@dolor.co.uk,86935,21992
Chaim,urna.convallis.erat@acmetus.org,74934,99051
Orlando,imperdiet.non@famesacturpis.org,32872,48592
Xenos,Integer@gravidasit.edu,42139,64478
Barrett,mollis.Integer.tincidunt@justoProinnon.ca,96390,88673
Blaze,porttitor.vulputate@maurisblandit.net,92523,11064
Keegan,Nunc@ut.ca,86923,48092
Lucian,lorem.Donec.elementum@aliquamenimnec.co.uk,75708,35806
Hyatt,Nulla@acfeugiatnon.co.uk,98433,82350
Hamilton,ut@orci.org,75626,25188
Demetrius,amet.massa.Quisque@lacuspede.com,44916,87858
Kirk,ligula.consectetuer.rhoncus@necanteblandit.org,25660,29956
Jackson,vitae.risus@hymenaeosMaurisut.com,60207,19429
Octavius,sapien@eu.co.uk,82556,73321
Cyrus,Vivamus.rhoncus.Donec@vestibulum.com,45304,90756
Aristotle,Suspendisse.ac.metus@leoinlobortis.net,39836,76414
Aidan,ac.nulla.In@elitpedemalesuada.co.uk,94836,75023
Hamilton,nulla.at.sem@quis.net,62747,53099
Leonard,pulvinar.arcu@natoquepenatibuset.edu,69165,32175
Jamal,at@eu.com,87051,37929
Silas,quam.dignissim.pharetra@Aliquamvulputateullamcorper.ca,27224,82991
Grant,rutrum@loremacrisus.com,77514,77294
Griffith,in.aliquet@orci.com,82922,39240
Arden,lectus@rutrum.edu,98024,86885
Aladdin,erat.nonummy@nonmassa.edu,54158,98817
Octavius,a.facilisis.non@necurna.ca,39304,42940
Gary,cursus.a.enim@non.net,60261,80652
Amir,placerat.eget.venenatis@purusactellus.ca,23057,96976
Garrett,nec.orci.Donec@tincidunt.co.uk,15355,45506
Drake,Suspendisse@urnaNunc.edu,35289,92280
Erasmus,blandit@tinciduntorciquis.co.uk,4191,40065
Armando,vehicula.risus@pellentesqueSed.co.uk,43645,56280
Colin,lacus@nisisem.co.uk,55071,5026
Owen,tempus@Suspendissenon.com,37080,38524
Colton,lacus.vestibulum@mienim.edu,50158,92085
Solomon,non@urnaconvalliserat.net,52965,5804
Samson,Phasellus@mieleifend.com,87672,45939
Daquan,accumsan.interdum.libero@aliquet.co.uk,96735,1783
Branden,Proin.ultrices@amifringilla.org,69241,46468
Slade,aliquet.Phasellus.fermentum@augue.edu,75039,93656
Tyler,Proin@sit.co.uk,51945,30651
Giacomo,semper@Pellentesque.ca,75275,64538
Nathan,magna@Nunc.org,9809,69187
Keefe,ultricies@nonjusto.co.uk,29406,55898
